City_ID,City,Lat,Lng,Max Temp,Humidity,Cloudiness,Wind Speed,Country,Date
0,montbrison,45.6667,4.0833,12.19,85,99,1.0,FR,1683612655
1,carutapera,-1.195,-46.02,24.48,92,50,1.4,BR,1683612655
2,tiksi,71.6872,128.8694,-4.43,70,88,8.85,RU,1683612186
3,islamkot,24.6997,70.177,38.36,16,0,5.25,PK,1683612656
4,puerto natales,-51.7236,-72.4875,3.43,84,13,2.05,CL,1683612181
5,port lincoln,-34.7333,135.8667,16.19,64,92,4.7,AU,1683612263
6,kirensk,57.7853,108.1119,20.05,45,9,5.61,RU,1683612656
7,alavus,62.5833,23.6167,9.21,54,100,4.09,FI,1683612656
8,nenjiang,49.1833,125.2167,14.92,12,0,8.55,CN,1683612657
9,fort bragg,35.139,-79.006,22.91,83,100,4.12,US,1683612220
10,isafjordur,66.0755,-23.124,4.46,98,100,2.64,IS,1683612187
11,port-aux-francais,-49.35,70.2167,6.63,94,87,6.51,TF,1683612188
12,waitangi,-43.9535,-176.5597,15.46,93,99,4.47,NZ,1683612185
13,bredasdorp,-34.5322,20.0403,12.43,93,32,1.45,ZA,1683612200
14,sungai penuh,-2.0833,101.3833,27.72,47,92,2.52,ID,1683612658
15,alice springs,-23.7,133.8833,17.75,22,0,6.69,AU,1683612198
16,sirohi,24.8833,72.8667,37.9,11,0,3.88,IN,1683612658
17,adamstown,-25.066,-130.1015,21.76,55,99,4.52,PN,1683612186
18,tselinnoye,53.0833,85.6667,24.4,27,80,4.43,RU,1683612658
19,olonkinbyen,70.9221,-8.7187,1.81,100,100,2.8,SJ,1683612232
20,kununurra,-15.7667,128.7333,26.99,24,12,5.66,AU,1683612659
21,nagqu,31.5,92.0,2.2,49,100,6.44,CN,1683612659
22,wynyard,-41.0,145.7167,12.21,79,85,4.23,AU,1683612659
23,sisimiut,66.9395,-53.6735,-1.16,86,100,4.94,GL,1683612233
24,mbanza-ngungu,-5.25,14.8667,21.07,96,71,0.96,CD,1683612435
25,tucuma,-0.1833,-50.05,24.22,94,66,1.28,BR,1683612660
26,colares,38.7992,-9.4469,19.97,88,76,10.28,PT,1683612660
27,margaret river,-33.95,115.0667,20.9,69,28,5.91,AU,1683612180
28,rio gallegos,-51.6226,-69.2181,0.03,93,0,6.17,AR,1683612361
29,atafu village,-8.5421,-172.5159,29.13,78,16,6.49,TK,1683612291
30,georgetown,5.4112,100.3354,34.96,59,20,3.09,MY,1683612210
31,ilulissat,69.2167,-51.1,-1.99,93,100,2.06,GL,1683612190
32,barras,-4.2444,-42.2944,22.8,86,20,1.02,BR,1683612661
33,bilibino,68.0546,166.4372,0.36,97,100,2.62,RU,1683612187
34,cova figueira,14.8905,-24.2934,20.27,81,3,6.33,CV,1683612661
35,hermanus,-34.4187,19.2345,12.67,86,36,2.53,ZA,1683612180
36,pangody,65.85,74.4859,-5.77,79,33,5.68,RU,1683612662
37,vanimo,-2.6741,141.3028,28.99,75,67,2.13,PG,1683612662
38,yellowknife,62.456,-114.3525,5.29,81,40,2.06,CA,1683612156
39,la'ie,21.6477,-157.9253,25.98,79,5,2.24,US,1683612060
40,ust-nera,64.5667,143.2,2.2,58,93,3.1,RU,1683612181
41,hithadhoo,-0.6,73.0833,28.4,72,58,6.11,MV,1683612207
42,sanctuary point,-35.1114,150.629,18.88,56,46,4.81,AU,1683612663
43,saipan,15.1355,145.701,29.25,100,10,3.58,MP,1683612221
44,guasdualito,7.2424,-70.7324,25.0,100,94,0.51,VE,1683612243
45,fortaleza,-3.7227,-38.5247,27.07,89,40,2.06,BR,1683612000
46,kapuskasing,49.4169,-82.4331,2.05,87,75,1.03,CA,1683612210
47,el oued,33.3561,6.8632,19.43,45,10,3.75,DZ,1683612664
48,hadibu,12.65,54.0333,29.53,64,94,1.8,YE,1683612205
49,invercargill,-46.4,168.35,8.34,95,100,1.34,NZ,1683612185
50,west island,-12.1568,96.8225,29.99,70,40,4.12,CC,1683612197
51,shirvan,39.9509,48.8994,21.72,52,12,3.42,AZ,1683612665
52,puerto ayora,-0.7393,-90.3518,26.42,96,65,0.89,EC,1683612178
53,chom bueng,13.62,99.5917,36.67,39,100,4.22,TH,1683612299
54,utrik,11.2278,169.8474,26.77,84,91,6.07,MH,1683612221
55,puerto baquerizo moreno,-0.9,-89.6,26.02,89,32,3.68,EC,1683612166
56,thompson,55.7435,-97.8558,9.09,66,75,1.03,CA,1683612184
57,albany,42.6001,-73.9662,9.89,70,86,0.45,US,1683611965
58,hamilton,39.1834,-84.5333,18.87,91,70,1.46,US,1683612112
59,monrovia,6.3005,-10.7969,24.87,88,81,3.37,LR,1683612059
60,bethel,41.3712,-73.414,15.2,49,0,3.09,US,1683611913
61,hawaiian paradise park,19.5933,-154.9731,22.24,90,63,2.46,US,1683612194
62,mont-joli,48.5839,-68.1921,2.02,72,29,4.98,CA,1683612667
63,ribeira grande,38.5167,-28.7,16.54,95,100,1.82,PT,1683612214
64,emerald,-23.5333,148.1667,21.86,19,13,6.52,AU,1683612667
65,ushuaia,-54.8,-68.3,4.81,81,40,8.75,AR,1683612201
66,tangalle,6.024,80.7911,32.09,78,100,5.82,LK,1683612668
67,port alfred,-33.5906,26.891,17.62,81,13,4.51,ZA,1683612191
68,qaqortoq,60.7167,-46.0333,-0.04,96,100,1.9,GL,1683612199
69,kingston,17.997,-76.7936,27.53,83,20,3.09,JM,1683612023
70,atakpame,7.5333,1.1333,23.57,84,53,1.32,TG,1683612668
71,nogliki,51.8333,143.1667,0.55,85,99,4.74,RU,1683612668
72,lihue,21.9789,-159.3672,23.77,82,40,7.72,US,1683611983
73,ferkessedougou,9.6,-5.2,24.61,72,71,1.73,CI,1683612669
74,prince rupert,54.3161,-130.3201,8.83,87,0,4.63,CA,1683612254
75,asosa,10.0667,34.5333,23.02,63,83,1.99,ET,1683612669
76,havre,49.5833,0.3333,13.52,100,100,4.63,FR,1683612234
77,port elizabeth,-33.918,25.5701,17.4,93,0,4.12,ZA,1683612181
78,bowen,-20.0167,148.2333,21.85,33,0,5.04,AU,1683612670
79,whitehorse,60.7161,-135.0538,7.43,36,75,3.6,CA,1683612015
80,anadyr,64.75,177.4833,-1.72,79,20,5.0,RU,1683612183
81,iqaluit,63.7506,-68.5145,-8.15,86,75,6.17,CA,1683612226
82,suva,-18.1416,178.4415,26.71,78,40,1.03,FJ,1683612570
83,ugoofaaru,5.6667,73.0,28.87,75,79,6.37,MV,1683612191
84,constantia,44.1833,28.65,11.5,82,100,7.59,RO,1683612193
85,bridgewater,44.3835,-64.5155,3.82,86,32,3.6,CA,1683611996
86,grytviken,-54.2811,-36.5092,-0.25,84,18,1.27,GS,1683611963
87,manokwari,-0.8667,134.0833,28.17,79,33,1.21,ID,1683612225
88,tazovsky,67.4667,78.7,-9.48,84,80,8.19,RU,1683612206
89,edinburgh of the seven seas,-37.0676,-12.3116,14.68,73,41,10.18,SH,1683612180
90,turkmenbasy,40.0222,52.9552,19.41,55,39,6.65,TM,1683612673
91,blackmans bay,-43.0167,147.3167,14.07,68,88,4.75,AU,1683612208
92,udachny,66.4167,112.4,4.14,80,100,10.12,RU,1683612193
93,lubango,-14.9172,13.4925,15.64,52,47,1.32,AO,1683612673
94,rongelap,11.1635,166.8941,27.25,83,98,7.85,MH,1683612234
95,akureyri,65.6835,-18.0878,8.41,94,100,1.56,IS,1683612471
96,tarazona de la mancha,39.2123,-1.9491,10.9,49,71,1.35,ES,1683612674
97,punta arenas,-53.15,-70.9167,5.06,65,0,8.75,CL,1683612212
98,iskateley,67.6803,53.1512,0.17,98,92,5.74,RU,1683612206
99,ke-macina,13.9623,-5.3572,28.59,38,100,1.4,ML,1683612674
100,saint-francois,46.4154,3.9054,13.31,96,0,1.54,FR,1683612675
101,harper,4.375,-7.7169,25.98,85,57,0.88,LR,1683612675
102,puerto santa,-8.9906,-78.6456,21.95,90,65,4.12,PE,1683612675
103,kashin,57.3592,37.6081,12.74,53,15,2.48,RU,1683612675
104,khovd,48.0056,91.6419,9.13,43,50,1.19,MN,1683612675
105,faya-largeau,17.9257,19.1043,29.63,11,81,7.28,TD,1683612676
106,makhambet,47.6667,51.5833,21.13,36,100,8.62,KZ,1683612676
107,kodiak,57.79,-152.4072,2.73,93,100,12.35,US,1683611888
108,queenstown,-31.8976,26.8753,13.78,62,4,0.96,ZA,1683612212
109,camana,-16.6228,-72.7111,19.99,83,46,3.34,PE,1683612676
110,iquitos,-3.7481,-73.2472,23.02,100,75,1.03,PE,1683612677
111,port mathurin,-19.6833,63.4167,25.5,75,28,9.31,MU,1683612202
112,aleg,17.0481,-13.9209,29.37,28,44,2.57,MR,1683612677
113,mirny,62.5353,113.9611,2.85,100,100,5.5,RU,1683612677
114,remire-montjoly,4.9167,-52.2667,24.02,94,75,2.06,GF,1683612194
115,st. john's,47.5649,-52.7093,6.49,97,100,7.2,CA,1683612004
116,talnakh,69.4865,88.3972,-9.33,89,100,8.26,RU,1683612190
117,oyama,36.3,139.8,19.76,28,81,3.43,JP,1683612678
118,avarua,-21.2078,-159.775,24.03,94,75,8.23,CK,1683612230
119,fujiyoshida,35.4396,138.7872,18.31,45,70,2.25,JP,1683612678
120,hammerfest,70.6634,23.6821,2.25,100,75,2.06,NO,1683612195
121,minas de marcona,-15.2119,-75.1103,15.04,89,36,4.2,PE,1683612226
122,fortuna,40.5982,-124.1573,11.1,88,100,0.0,US,1683612087
123,sitangkai,4.6628,119.3928,29.21,74,95,4.31,PH,1683612680
124,tralee,52.2704,-9.7026,9.86,95,100,2.09,IE,1683612680
125,amasra,41.7463,32.3863,14.03,80,97,1.99,TR,1683612680
126,enewetak,11.3474,162.3373,27.55,79,98,7.44,MH,1683612224
127,polyarnyy,69.1989,33.4478,1.11,99,100,1.92,RU,1683612127
128,ondjiva,-17.0667,15.7333,17.8,46,2,1.73,AO,1683612243
129,tofol,5.3248,163.0078,28.02,78,100,5.55,FM,1683612681
130,jamestown,42.097,-79.2353,11.8,79,0,2.57,US,1683611999
131,richmond,37.5538,-77.4603,20.09,87,75,2.57,US,1683612622
132,kale,50.9581,1.8521,13.89,97,100,8.89,FR,1683612682
133,taro,-8.3862,115.28,26.03,84,96,2.08,ID,1683612682
134,bosaso,11.2842,49.1816,31.46,40,34,1.51,SO,1683612682
135,balqash,46.8481,74.995,27.33,13,0,2.0,KZ,1683612682
136,haimen,23.1935,116.6142,22.93,72,62,8.51,CN,1683612683
137,sliven,42.6858,26.3292,10.2,92,100,1.9,BG,1683612683
138,dongola,19.1667,30.4833,28.22,16,4,6.82,SD,1683612683
139,aasiaat,68.7098,-52.8699,-5.6,87,93,2.89,GL,1683612198
140,danjiangkou,32.5428,111.5086,19.98,55,100,1.7,CN,1683612684
141,hassi messaoud,31.6804,6.0729,17.92,59,3,1.54,DZ,1683612256
142,kharp,66.8014,65.8081,0.83,100,100,3.95,RU,1683612684
143,callao,-12.0667,-77.15,21.51,78,75,4.12,PE,1683612189
144,baie-comeau,49.2168,-68.1489,-0.18,55,0,2.57,CA,1683612684
145,paphos,34.7667,32.4167,21.88,53,20,1.03,CY,1683612684
146,happy valley-goose bay,53.3168,-60.3315,1.17,69,100,4.12,CA,1683612685
147,arraial do cabo,-22.9661,-42.0278,23.67,85,22,8.79,BR,1683612210
148,laguna,38.421,-121.4238,14.66,72,0,3.09,US,1683612685
149,holland,42.7875,-86.1089,12.35,94,20,2.06,US,1683612685
150,longyearbyen,78.2186,15.6401,-2.09,86,75,2.57,SJ,1683612216
151,tvoroyri,61.5556,-6.8111,8.88,90,99,3.3,FO,1683612686
152,cartagena,10.3997,-75.5144,27.79,83,75,3.6,CO,1683612001
153,papatowai,-46.5619,169.4708,10.25,86,100,4.7,NZ,1683612187
154,galliano,29.4422,-90.2992,25.0,88,0,2.57,US,1683612184
155,at-bashi,41.1702,75.8106,11.96,32,49,0.77,KG,1683612687
156,susuman,62.7833,148.1667,2.94,86,100,0.42,RU,1683612179
157,lerwick,60.1545,-1.1494,9.0,99,100,1.3,GB,1683612269
158,khorixas,-20.3667,14.9667,21.06,24,0,3.38,NA,1683612687
159,tabas,33.5959,56.9244,31.12,11,0,1.03,IR,1683612238
160,northam,51.0333,-4.2167,12.44,99,100,5.07,GB,1683612688
161,turpan,42.9333,89.1667,26.65,14,28,3.25,CN,1683612231
162,stanley,54.868,-1.6985,11.54,94,40,2.57,GB,1683612194
163,inirida,3.8653,-67.9239,23.47,96,100,0.68,CO,1683612688
164,kelibia,36.8476,11.0939,16.9,85,71,5.3,TN,1683612688
165,tura,25.5198,90.2201,36.67,18,43,3.68,IN,1683612199
166,cumberland,35.0502,-78.8664,23.28,83,0,4.12,US,1683612689
167,belmonte,-15.8631,-38.8828,23.49,91,21,2.65,BR,1683612689
168,borovskoy,53.8,64.15,10.9,29,100,5.69,KZ,1683612689
169,varena,54.2167,24.5667,10.65,45,1,1.92,LT,1683612689
170,howard springs,-12.497,131.047,32.12,45,22,4.26,AU,1683612198
171,holualoa,19.6228,-155.9522,22.1,93,35,2.24,US,1683612690
172,acarau,-2.8856,-40.12,24.62,91,29,3.8,BR,1683612098
173,undurkhaan,47.3194,110.6556,21.01,18,83,1.18,MN,1683612690
174,bikenibeu village,1.3673,173.1241,28.98,84,40,2.06,KI,1683612251
175,saurimo,-9.6608,20.3916,16.59,61,57,2.52,AO,1683612691
176,san andres,12.5847,-81.7006,28.01,78,20,4.12,CO,1683612455
177,shashemene,7.2,38.6,19.51,72,85,1.06,ET,1683612692
178,vila velha,-20.3297,-40.2925,22.75,98,75,1.03,BR,1683612050
179,dunedin,-45.8742,170.5036,11.0,97,100,3.13,NZ,1683612294
180,juye,35.3947,116.0883,25.21,24,77,3.65,CN,1683612692
181,mejit,10.2753,170.8646,27.13,82,99,6.42,MH,1683612287
182,xiuyan,40.2928,123.2744,22.21,22,33,5.03,CN,1683612693
183,touros,-5.1989,-35.4608,24.4,87,47,4.5,BR,1683611950
184,flin flon,54.7682,-101.865,11.76,56,19,1.35,CA,1683612294
185,kornik,52.2477,17.0895,11.16,67,6,5.73,PL,1683612693
186,poyang,28.9924,116.6675,23.67,51,6,1.91,CN,1683612694
187,nikolayevsk-on-amure,53.1406,140.73,5.69,62,95,5.54,RU,1683612262
188,taroa,8.7058,171.2275,27.58,83,100,5.41,MH,1683612296
189,silver city,32.7701,-108.2803,15.17,22,0,4.63,US,1683612694
190,chiras,35.4167,65.9823,12.84,9,0,1.93,AF,1683612694
191,port shepstone,-30.7414,30.455,18.19,79,58,1.8,ZA,1683612695
192,zouerate,22.7187,-12.4521,22.05,46,40,2.97,MR,1683612695
193,cachoeirinha,-29.9511,-51.0939,15.74,92,0,0.51,BR,1683612695
194,illapel,-31.6308,-71.1653,17.64,43,28,1.99,CL,1683612695
195,yuzhno-kurilsk,44.0306,145.8556,7.63,78,19,5.4,RU,1683612695
196,dudinka,69.4058,86.1778,-9.1,91,100,8.3,RU,1683612215
197,palikir - national government center,6.9248,158.1611,26.47,89,100,2.57,FM,1683612696
198,kerikeri,-35.2268,173.9474,18.28,97,99,2.1,NZ,1683612240
199,farafangana,-22.8167,47.8333,23.63,84,23,1.31,MG,1683612202
200,robertsport,6.7533,-11.3686,24.94,88,100,4.0,LR,1683612696
201,college,64.8569,-147.8028,2.08,96,29,1.22,US,1683612192
202,cabo san lucas,22.8909,-109.9124,23.12,58,12,5.75,MX,1683612001
203,chonchi,-42.6128,-73.8092,7.84,97,100,0.44,CL,1683612205
204,fale old settlement,-9.3852,-171.2468,29.19,76,13,6.77,TK,1683612199
205,sinop,41.7711,34.8709,9.24,94,91,1.43,TR,1683612697
206,broken hill,-31.95,141.4333,16.19,45,7,7.45,AU,1683612258
207,mount pearl,47.5166,-52.7813,6.03,96,100,7.2,CA,1683612203
208,kupino,54.3663,77.2981,13.36,36,100,4.53,RU,1683612698
209,dongargarh,21.2,80.7333,40.04,20,4,1.11,IN,1683612698
210,namibe,-15.1961,12.1522,22.57,78,29,1.0,AO,1683612195
211,magadan,59.5667,150.8,9.74,76,33,0.85,RU,1683612190
212,banda aceh,5.5577,95.3222,26.49,85,100,8.49,ID,1683612245
213,vorgashor,67.5833,63.95,-0.07,100,100,5.54,RU,1683612229
214,mponela,-13.5319,33.7401,15.05,62,39,3.13,MW,1683612699
215,mar del plata,-38.0023,-57.5575,11.72,89,0,2.57,AR,1683612699
216,tejupilco de hidalgo,18.9,-100.15,21.08,55,70,2.73,MX,1683612506
217,neiafu,-18.65,-173.9833,26.38,94,100,0.0,TO,1683612275
218,suncheon,34.9481,127.4895,23.32,37,28,1.72,KR,1683612700
219,yakeshi,49.2833,120.7333,16.03,22,23,7.82,CN,1683612700
220,dzhalagash,45.0833,64.6667,29.37,10,32,3.38,KZ,1683612700
221,uturoa,-16.7333,-151.4333,27.42,78,83,3.42,PF,1683612232
222,daxi,24.8837,121.2904,24.32,60,50,4.96,TW,1683612701
223,hanceville,34.0607,-86.7675,22.03,98,83,1.87,US,1683612701
224,saudarkrokur,65.7461,-19.6394,5.55,96,100,1.36,IS,1683612244
225,rubtsovsk,51.5,81.25,27.62,19,66,5.43,RU,1683612701
226,acapulco de juarez,16.8634,-99.8901,28.9,74,0,2.06,MX,1683612513
227,hilo,19.7297,-155.09,22.36,86,48,2.24,US,1683612227
228,hasaki,35.7333,140.8333,18.45,54,66,6.91,JP,1683612280
229,nasiriyah,31.0521,46.261,34.31,13,96,5.39,IQ,1683612702
230,kavieng,-2.5744,150.7967,28.81,73,86,0.21,PG,1683612702
231,waingapu,-9.6567,120.2641,28.95,71,100,7.81,ID,1683612200
232,batticaloa,7.7102,81.6924,26.91,81,100,3.38,LK,1683612703
233,galashki,43.1136,44.9894,10.53,97,100,1.49,RU,1683612703
234,luwuk,-0.9516,122.7875,30.02,77,99,0.9,ID,1683612279
235,codajas,-3.8367,-62.0569,23.31,100,100,0.78,BR,1683612704
236,kavaratti,10.5669,72.642,29.26,63,98,4.27,IN,1683612272
237,aykhal,66.0,111.5,3.58,100,100,11.84,RU,1683612273
238,sola,-13.8833,167.55,27.58,73,30,4.89,VU,1683612704
239,fergus falls,46.283,-96.0776,10.04,93,0,1.54,US,1683612704
240,sardarapat,40.1321,44.0097,16.94,43,3,1.86,AM,1683612704
241,vila franca do campo,37.7167,-25.4333,17.23,94,100,1.04,PT,1683612207
242,murnau am staffelsee,47.6809,11.2013,12.51,93,98,0.47,DE,1683612705
243,mwene-ditu,-7.0,23.45,20.18,78,45,2.05,CD,1683612705
244,taormina,37.8536,15.2885,16.46,74,100,1.61,IT,1683612705
245,nar'yan-mar,67.6713,53.087,0.24,98,94,5.8,RU,1683612211
246,la ronge,55.1001,-105.2842,11.14,50,75,0.51,CA,1683612283
247,boca do acre,-8.7522,-67.3978,21.93,98,99,1.25,BR,1683612706
248,miramar beach,30.3744,-86.3586,23.34,93,75,0.0,US,1683612706
249,wabag,-5.4781,143.7021,17.65,90,92,1.21,PG,1683612706
250,kirakira,-10.4544,161.9205,28.79,76,82,4.47,SB,1683612266
251,yerofey pavlovich,53.9667,121.9667,10.44,24,32,5.01,RU,1683612707
252,yorosso,12.3536,-4.7761,27.02,47,100,0.62,ML,1683612707
253,adigrat,14.277,39.462,18.56,48,44,1.23,ET,1683612707
254,kenai,60.5544,-151.2583,5.64,62,100,5.14,US,1683612208
255,choyr,46.3611,108.3611,18.82,11,100,7.07,MN,1683612208
256,jaranwala,31.3333,73.4333,34.19,14,0,4.15,PK,1683612708
257,kwidzyn,53.7249,18.9311,11.82,64,8,3.2,PL,1683612708
258,qusmuryn,52.4503,64.6311,8.55,63,100,5.35,KZ,1683612232
259,mu'minobod,38.1085,70.0285,22.35,37,0,1.52,TJ,1683612292
260,luchegorsk,46.4764,134.2569,10.51,38,99,6.56,RU,1683612708
261,luderitz,-26.6481,15.1594,16.84,52,0,3.27,NA,1683612225
262,weno,7.4515,151.8468,29.2,71,56,1.41,FM,1683612196
263,la passe,45.5549,-0.8967,14.99,92,100,6.87,FR,1683612290
264,abepura,-2.6333,140.5833,33.45,55,20,3.09,ID,1683612258
265,colchani,-20.3,-66.9333,3.39,37,29,0.52,BO,1683612709
266,savsat,41.2403,42.3611,10.82,76,98,1.09,TR,1683612710
267,roccella ionica,38.322,16.4009,17.1,73,100,1.36,IT,1683612710
268,rikaze,29.25,88.8833,14.85,6,5,5.89,CN,1683612710
269,durant,33.994,-96.3708,24.2,86,0,3.09,US,1683612588
270,north elba,44.2434,-73.9543,3.02,71,38,0.76,US,1683612710
271,lages,-27.8161,-50.3261,11.49,97,100,1.07,BR,1683612711
272,olyokminsk,60.3736,120.4264,8.2,63,78,5.09,RU,1683612711
273,wailua homesteads,22.0669,-159.378,23.44,82,40,7.72,US,1683612199
274,crane,31.3974,-102.3501,24.68,41,0,3.8,US,1683612184
275,ust'-ilimsk,58.0006,102.6619,23.5,33,10,5.83,RU,1683612711
276,oban,56.4127,-5.4706,10.77,95,100,1.83,GB,1683612712
277,progreso,21.2833,-89.6667,28.06,70,36,5.04,MX,1683612591
278,coahuayana de hidalgo,18.7,-103.6583,24.65,77,23,1.46,MX,1683612261
279,sitka,57.0531,-135.33,6.16,84,48,0.45,US,1683612191
280,padang,-0.9492,100.3543,32.03,59,64,3.06,ID,1683612712
281,nemuro,43.3236,145.575,7.26,84,2,9.77,JP,1683612206
282,selcuk,37.9514,27.3685,18.93,56,99,1.85,TR,1683612713
283,pelham,33.2857,-86.81,22.45,95,0,1.54,US,1683612713
284,longboat key,27.4125,-82.659,24.0,60,0,2.57,US,1683612413
285,chinde,26.8418,88.0763,28.16,29,1,3.93,NP,1683612713
286,flying fish cove,-10.4217,105.6791,29.82,74,75,5.14,CX,1683612228
287,dzhetygara,52.1908,61.2006,6.56,73,100,4.39,KZ,1683612714
288,wanning,18.8003,110.3967,27.35,88,96,5.74,CN,1683612714
289,lebu,-37.6167,-73.65,10.86,80,100,6.42,CL,1683612157
290,sao tome,0.3365,6.7273,27.88,78,91,2.02,ST,1683612207
291,san bernardo del viento,9.3533,-75.9524,27.18,88,98,3.79,CO,1683612715
292,canto do buriti,-8.11,-42.9444,22.02,67,88,1.48,BR,1683612715
293,nadym,65.5333,72.5167,-3.16,83,31,4.86,RU,1683612715
294,agat village,13.3886,144.6585,31.52,71,20,4.63,GU,1683612716
295,kindia,10.0569,-12.8658,22.11,88,100,0.88,GN,1683612716
296,sapri,40.0751,15.6296,17.76,85,100,0.62,IT,1683612716
297,langtoucun,40.0261,124.3286,23.07,22,4,6.4,CN,1683612716
298,carnarvon,-24.8667,113.6333,24.23,65,51,5.37,AU,1683612010
299,badger,64.8,-147.5333,2.21,96,45,1.3,US,1683612213
300,spring hill,28.4769,-82.5255,22.77,91,0,0.0,US,1683612717
301,kapa'a,22.0752,-159.319,24.18,83,75,7.72,US,1683612264
302,quellon,-43.1167,-73.6167,9.14,93,100,0.0,CL,1683612186
303,lompoc,34.6391,-120.4579,12.66,87,100,7.6,US,1683612255
304,kapoeta,4.7717,33.5903,28.15,55,50,7.43,SS,1683612178
305,as sulayyil,20.4607,45.5779,34.84,11,10,5.06,SA,1683612719
306,bria,6.5423,21.9863,22.61,91,100,1.67,CF,1683612719
307,nabire,-3.3667,135.4833,30.08,71,83,2.41,ID,1683612269
308,hinton,53.4001,-117.5857,7.35,81,100,0.48,CA,1683612278
309,mutuali,-14.8706,37.0044,21.08,66,33,0.7,MZ,1683612720
310,situbondo,-7.7062,114.0098,29.9,72,99,2.04,ID,1683612721
311,baraki,36.6666,3.0961,11.97,87,0,0.0,DZ,1683612721
312,ikom,5.9667,8.7063,24.67,95,87,0.38,NG,1683612721
313,beykonak,36.3257,30.303,20.55,62,66,1.4,TR,1683612722
314,coquimbo,-29.9533,-71.3436,9.85,100,75,1.03,CL,1683612039
315,christchurch,-43.5333,172.6333,16.29,76,100,3.6,NZ,1683612008
316,sinabang,2.4803,96.3801,28.46,72,100,1.73,ID,1683612722
317,torghay,49.6339,63.4981,20.43,42,100,5.4,KZ,1683612722
318,usogorsk,63.4106,48.6872,6.81,66,100,4.34,RU,1683612298
319,manta,-0.95,-80.7333,25.98,88,54,2.83,EC,1683612723
320,bereeda,11.8704,51.0579,29.43,55,100,1.45,SO,1683612235
321,nova sintra,14.8667,-24.7167,20.23,78,0,6.24,CV,1683612219
322,yangambi,0.8102,24.4336,21.87,99,100,0.93,CD,1683612723
323,whakatane,-37.9585,176.9854,19.73,99,99,4.47,NZ,1683612723
324,kruisfontein,-34.0033,24.7314,14.41,68,21,2.21,ZA,1683612186
325,lindsay,36.203,-119.0882,16.67,60,5,1.23,US,1683612724
326,sungailiat,-1.85,106.1333,29.73,67,100,3.55,ID,1683612724
327,geraldton,-28.7667,114.6,26.23,57,40,5.66,AU,1683612209
328,yanchep,-31.55,115.6833,26.07,61,8,6.29,AU,1683612724
329,colonia,50.9333,6.95,16.57,86,20,4.12,DE,1683612006
330,bonthe,7.5264,-12.505,24.18,90,100,3.06,SL,1683612202
331,zarghun shahr,32.8473,68.4457,17.47,16,0,1.65,AF,1683612725
332,saint-philippe,-21.3585,55.7679,27.77,78,29,4.6,RE,1683612725
333,kachug,53.9606,105.8817,22.89,19,29,2.77,RU,1683612725
334,khandyga,62.6667,135.6,3.94,35,59,0.81,RU,1683612726
335,yarmouth,41.7057,-70.2286,11.65,64,41,0.89,US,1683612726
336,arica,-18.475,-70.3042,19.13,72,100,2.57,CL,1683612390
337,manay,7.215,126.5397,30.22,70,81,3.79,PH,1683612727
338,pisco,-13.7,-76.2167,20.03,88,100,4.12,PE,1683612271
339,katsuura,35.1333,140.3,20.01,57,53,8.46,JP,1683612106
340,santa elena de uairen,4.6167,-61.1333,19.64,93,99,0.98,VE,1683612727
341,yung shue wan,22.2333,114.1167,27.54,74,87,1.34,HK,1683612727
342,iron river,46.0927,-88.6423,6.42,96,95,0.62,US,1683612728
343,mani,4.8172,-72.2886,23.94,94,99,1.18,CO,1683612728
344,vilyuchinsk,52.9306,158.4028,3.15,91,100,10.81,RU,1683612195
345,san patricio,28.017,-97.5169,26.02,94,59,4.12,US,1683612211
346,bugana,7.9992,7.5836,26.6,73,89,1.48,NG,1683612726
347,semur-en-auxois,47.4833,4.3333,12.85,89,99,2.06,FR,1683612729
348,cururupu,-1.8283,-44.8683,23.39,96,73,0.59,BR,1683612181
349,salinas,36.6777,-121.6555,12.45,85,0,0.45,US,1683612725
350,ankang,32.68,109.0172,13.63,90,100,0.98,CN,1683612729
351,kone,-21.0595,164.8658,23.56,71,83,2.65,NC,1683612254
352,beloyarskiy,63.7119,66.6722,3.84,75,68,4.88,RU,1683612189
353,tondano,1.3038,124.9112,26.05,80,87,1.54,ID,1683612730
354,tsiombe,-25.3,45.4833,24.82,67,79,3.31,MG,1683612730
355,panorama,40.5878,23.0315,15.29,92,75,2.68,GR,1683612730
356,codrington,-38.2667,141.9667,14.65,70,90,4.97,AU,1683612216
357,copala,16.65,-98.9833,27.51,73,1,2.65,MX,1683612731
358,erdenet,49.0333,104.0833,15.59,26,100,3.13,MN,1683612731
359,kristiansund,63.1115,7.732,11.36,71,75,3.09,NO,1683612297
360,saynshand,44.8824,110.1163,21.96,10,100,5.46,MN,1683612731
361,ulety,51.3572,112.4849,20.3,17,2,0.22,RU,1683612731
362,belawan,3.7755,98.6832,33.16,65,100,1.87,ID,1683612732
363,bandipura,34.4167,74.65,16.66,51,75,1.28,IN,1683612732
364,inhambane,-23.865,35.3833,21.99,94,40,2.24,MZ,1683612235
365,bardai,11.65,7.2333,25.26,49,41,1.73,NG,1683612299
366,westport,41.1415,-73.3579,15.87,49,0,3.09,US,1683612606
367,zvenigovo,55.9742,48.0181,9.53,48,0,2.2,RU,1683612733
368,trat,12.5,102.5,33.23,55,96,1.43,TH,1683612733
369,ha'il,27.5219,41.6907,24.39,20,100,2.15,SA,1683612733
370,estevan,49.1334,-102.9842,8.11,93,100,3.6,CA,1683612733
371,goya,-29.14,-59.2626,12.37,75,0,1.38,AR,1683612733
372,zhezqazghan,47.7833,67.7667,27.32,16,0,5.0,KZ,1683612734
373,bolanikhodan,22.1,85.3167,38.44,18,40,2.31,IN,1683612734
374,arish,31.1316,33.7984,18.8,75,5,1.56,EG,1683612735
375,ranau,5.9538,116.6641,30.83,53,100,0.86,MY,1683612735
376,naze,28.3667,129.4833,20.03,59,22,7.84,JP,1683612736
377,eureka,40.8021,-124.1637,10.7,93,12,2.46,US,1683612736
378,east ballina,-28.8667,153.5833,19.89,68,0,6.82,AU,1683612736
379,tadine,-21.55,167.8833,23.96,76,93,5.73,NC,1683612202
380,badr hunayn,23.7829,38.7905,27.82,23,61,2.52,SA,1683612737
381,ancud,-41.8697,-73.8203,10.75,72,100,1.45,CL,1683612044
382,oulmes,33.4258,-6.0014,13.84,57,24,0.43,MA,1683612737
383,gadzhiyevo,69.2551,33.3362,0.91,99,100,2.05,RU,1683612737
384,mchinji,-13.7984,32.8802,17.31,67,27,1.84,MW,1683612737
385,usa river,-3.3667,36.85,18.72,88,99,3.08,TZ,1683612738
386,mairi,-11.7114,-40.1489,19.69,97,81,1.32,BR,1683612738
387,balezino,57.9796,53.0106,5.58,46,6,2.52,RU,1683612738
388,coka,45.9425,20.1433,8.63,75,13,2.72,RS,1683612739
389,pacific grove,36.6177,-121.9166,12.23,86,0,0.45,US,1683612210
390,turkestan,43.3333,68.25,29.22,11,0,6.11,KZ,1683612739
391,petropavlovsk-kamchatsky,53.0452,158.6483,2.33,75,75,4.0,RU,1683612274
392,quang ngai,15.1167,108.8,32.22,60,99,5.29,VN,1683612740
393,dalton,34.7698,-84.9702,21.12,99,100,0.0,US,1683612740
394,miches,18.9836,-69.0476,24.33,88,93,2.14,DO,1683612740
395,sao joao da barra,-21.6403,-41.0511,23.93,82,71,4.74,BR,1683612204
396,kabalo,-6.05,26.9167,22.58,79,77,2.28,CD,1683612740
397,baardheere,2.3446,42.2764,28.65,65,19,8.38,SO,1683612741
398,joshimath,30.5667,79.5667,19.42,32,8,4.1,IN,1683612741
399,vernon,50.2581,-119.2691,12.56,78,87,0.89,CA,1683612542
400,mahajanga,-15.7167,46.3167,26.36,60,0,5.19,MG,1683612741
401,hattiesburg,31.3271,-89.2903,20.68,95,0,0.89,US,1683612742
402,palmas,-10.2128,-48.3603,23.93,88,0,1.54,BR,1683612681
403,tabuk,17.4189,121.4443,30.16,68,80,3.54,PH,1683612742
404,north ward,-19.2454,146.8075,23.95,29,0,4.63,AU,1683612742
405,pathalgaon,22.5667,83.4667,38.9,14,6,2.08,IN,1683612742
406,sumenep,-7.0167,113.8667,29.34,72,95,3.27,ID,1683612743
407,ad dilam,23.9915,47.1627,36.3,12,31,7.24,SA,1683612743
408,port saint john's,-31.6229,29.5448,17.93,78,32,1.69,ZA,1683612743
409,antsiranana,-12.2787,49.2917,28.24,55,1,6.93,MG,1683612743
410,shalkar,47.8288,59.6258,24.31,26,99,1.29,KZ,1683612744
411,kedrovyy,56.1667,91.8167,23.26,32,29,4.41,RU,1683612738
412,benguela,-12.5763,13.4055,25.55,83,10,0.74,AO,1683612744
413,sur,22.5667,59.5289,34.3,36,9,1.27,OM,1683612744
414,zhob,31.3411,69.4481,24.82,11,0,2.22,PK,1683612693
415,klyuchi,52.2667,79.1667,23.26,30,86,4.68,RU,1683612218
416,asau,46.4333,26.4,6.51,98,100,1.83,RO,1683612745
417,tari,12.4086,4.4914,28.99,46,20,2.88,NG,1683612745
418,karratha,-20.7377,116.8463,28.74,29,0,7.97,AU,1683612745
419,ust-tsilma,65.441,52.1498,1.32,100,100,3.06,RU,1683612235
420,tolanaro,-25.0319,46.9987,25.04,83,20,5.14,MG,1683612212
421,tarauaca,-8.1614,-70.7656,20.61,100,75,1.06,BR,1683612746
422,ghatanji,20.1333,78.3167,39.49,24,6,2.39,IN,1683612746
423,benjamin constant,-4.3831,-70.0311,24.07,99,91,1.26,BR,1683612151
424,bang pa-in,14.2278,100.5759,38.34,44,89,2.48,TH,1683612746
425,kyren,51.6828,102.1408,19.78,34,100,0.58,RU,1683612746
426,mount gambier,-37.8333,140.7667,14.92,67,85,3.54,AU,1683612192
427,selfoss,63.9331,-20.9971,7.8,92,100,1.64,IS,1683612250
428,nantucket,41.2835,-70.0995,12.08,76,20,3.09,US,1683612747
429,prado,-17.3411,-39.2208,23.11,91,7,2.04,BR,1683612747
430,afaahiti,-17.75,-149.2833,24.93,78,38,0.86,PF,1683612212
431,puerto gaitan,4.3133,-72.0816,25.1,89,100,1.14,CO,1683612637
432,sievi,63.9,24.5,8.42,57,100,3.33,FI,1683612748
433,mohr,54.3528,9.7167,11.68,63,40,4.63,DE,1683612179
434,oudtshoorn,-33.5907,22.2014,10.2,69,10,0.42,ZA,1683612748
435,castillos,-34.1667,-53.8333,11.3,86,0,3.61,UY,1683612231
436,yichun,47.7,128.9,10.23,29,100,6.91,CN,1683612748
437,smithers,54.7804,-127.1743,12.18,47,0,4.63,CA,1683612244
438,yantzaza,-3.8278,-78.7594,20.37,99,77,0.39,EC,1683612750
439,khilok,51.3674,110.4676,21.92,15,5,1.35,RU,1683612750
440,kailua-kona,19.6406,-155.9956,22.77,96,28,1.79,US,1683612120
441,kattivakkam,13.2167,80.3167,36.05,77,40,2.95,IN,1683612750
442,okhotsk,59.3833,143.3,4.84,72,21,3.76,RU,1683612208
443,margate,51.3813,1.3862,13.26,94,100,1.79,GB,1683612690
444,port douglas,-16.4833,145.4667,23.25,63,98,7.59,AU,1683612751
445,mankera,31.3866,71.4407,32.19,17,0,2.14,PK,1683612751
446,zhangjiagang,31.865,120.5389,24.95,37,3,2.7,CN,1683612751
447,berdigestyakh,62.0989,126.6992,1.41,75,55,2.99,RU,1683612752
448,isangel,-19.55,169.2667,25.67,74,36,3.51,VU,1683612467
449,rajpipla,21.8667,73.5,38.57,26,5,2.3,IN,1683612752
450,cooma,-36.2333,149.1333,9.52,68,72,5.01,AU,1683612752
451,san rafael del sur,11.8485,-86.4384,26.71,62,61,6.04,NI,1683612753
452,shibetsu,43.659,145.132,13.0,62,10,6.36,JP,1683612753
453,shimoda,34.6667,138.95,18.2,48,44,6.87,JP,1683612228
454,nadi,-17.8,177.4167,27.0,69,20,0.0,FJ,1683612753
455,pierre,44.3683,-100.351,11.27,79,0,3.6,US,1683612653
456,namtsy,62.7161,129.6658,3.48,29,3,1.93,RU,1683612292
457,uromi,6.7,6.3333,22.84,90,79,1.4,NG,1683612754
458,belyy yar,53.6039,91.3903,25.94,18,0,2.0,RU,1683612754
459,huicheng,23.0385,116.2899,23.67,69,87,7.27,CN,1683612754
460,isla mujeres,21.2311,-86.731,27.03,80,31,4.95,MX,1683612754
461,mzuzu,-11.4656,34.0207,18.09,75,2,1.57,MW,1683612755
462,dabola,10.75,-11.1167,22.34,82,100,1.85,GN,1683612755
463,quartu sant'elena,39.2419,9.1839,16.13,79,40,7.6,IT,1683612756
464,paranaiba,-19.6772,-51.1908,20.17,76,80,1.35,BR,1683612756
465,argo,37.6333,22.7333,18.77,59,100,1.29,GR,1683612757
466,fuling,29.7022,107.3919,18.17,85,97,1.08,CN,1683612757
467,les cayes,18.2,-73.75,24.57,82,100,1.56,HT,1683612757
468,burang,30.25,81.1667,1.76,48,33,4.65,CN,1683612757
469,nizhnesortymskiy,62.4397,71.7603,0.45,83,69,5.61,RU,1683612758
470,timimoun,29.2639,0.231,22.21,20,0,3.09,DZ,1683612758
471,ushtobe,45.2514,77.9838,26.18,15,0,2.96,KZ,1683612758
472,nuku'alofa,-21.1333,-175.2,25.19,94,40,2.06,TO,1683612054
473,ain sefra,32.75,-0.5833,17.73,43,1,1.44,DZ,1683612758
474,horta,38.5333,-28.6333,16.12,95,100,1.87,PT,1683612268
475,brookings,44.3114,-96.7984,14.54,68,0,3.6,US,1683612249
476,leava,-14.3,-178.1667,28.73,71,0,3.55,WF,1683612759
477,puerto penasco,31.3167,-113.5333,21.06,84,0,1.34,MX,1683612759
478,saint-pierre,-21.3393,55.4781,27.82,65,0,8.75,RE,1683612257
479,vallenar,-28.5708,-70.7581,18.32,33,1,0.41,CL,1683612760
480,keflavik,64.0049,-22.5624,9.95,100,100,2.06,IS,1683612210
481,severo-yeniseyskiy,60.3725,93.0408,5.06,62,97,6.46,RU,1683612760
482,traverse city,44.7631,-85.6206,8.52,84,0,0.0,US,1683612651
483,fort st. john,56.2499,-120.8529,11.94,54,75,2.06,CA,1683612028
484,reggane,26.7158,0.1714,26.55,15,100,4.78,DZ,1683612760
485,peniche,39.3558,-9.3811,17.94,94,86,6.32,PT,1683612234
486,guisa,20.255,-76.5386,21.47,93,96,1.53,CU,1683612761
487,tual,-5.6667,132.75,27.72,81,100,8.55,ID,1683612253
488,jinzhou,41.1078,121.1417,24.96,13,6,3.85,CN,1683612761
489,boqueirao,-7.5,-36.1333,19.11,97,26,1.5,BR,1683612761
490,yershov,51.3513,48.2766,8.35,44,100,8.78,RU,1683612762
491,lucapa,-8.4192,20.7447,19.4,72,91,1.64,AO,1683612762
492,nuuk,64.1835,-51.7216,-0.66,93,100,1.54,GL,1683612231
493,ambodifotatra,-16.9833,49.85,25.2,77,45,4.67,MG,1683612762
494,preobrazheniye,42.9019,133.9064,11.89,46,66,5.42,RU,1683612763
495,maba,24.6841,113.5984,26.66,55,82,0.7,CN,1683612763
496,arteche,12.2645,125.4048,30.23,64,23,3.3,PH,1683612196
497,hailey,43.5196,-114.3153,3.83,91,79,1.88,US,1683612763
498,malango,-2.9627,119.9001,24.99,85,96,0.63,ID,1683612280
499,luena,-11.7833,19.9167,14.98,61,3,1.29,AO,1683612214
500,hobyo,5.3505,48.5268,29.72,60,30,9.11,SO,1683612764
501,zelenogradsk,54.9589,20.4767,13.03,47,0,2.0,RU,1683612764
502,ambajogai,18.7333,76.3833,33.21,37,92,3.25,IN,1683612764
503,san julian,21.0167,-102.1667,18.7,36,37,2.16,MX,1683612764
504,rainsville,34.4943,-85.8477,20.47,94,100,0.0,US,1683612764
505,arys,42.4252,68.795,26.61,23,0,1.52,KZ,1683612765
506,altamira,-3.2033,-52.2064,22.48,99,63,0.79,BR,1683612765
507,lagoa,39.05,-27.9833,16.12,88,100,1.8,PT,1683612765
508,chinchilla,-26.75,150.6333,19.01,21,0,4.03,AU,1683612765
509,agapovka,53.2973,59.1348,9.56,31,100,5.91,RU,1683612765
510,walvis bay,-22.9575,14.5053,9.53,100,100,0.51,NA,1683612262
511,konarka,19.9,86.1167,36.22,51,7,5.91,IN,1683612766
512,new norfolk,-42.7826,147.0587,14.72,61,96,0.89,AU,1683612233
513,camalu,30.85,-116.0667,14.29,91,4,3.03,MX,1683612766
514,argungu,12.7433,4.5269,28.94,46,16,3.28,NG,1683612767
515,san jose del guaviare,2.5729,-72.6459,22.43,98,98,0.63,CO,1683612767
516,irymple,-34.25,142.1667,17.27,54,0,0.45,AU,1683612767
517,kamiiso,41.8167,140.65,13.56,70,24,7.55,JP,1683612767
518,nyala,12.05,24.8833,28.74,14,52,5.0,SD,1683612767
519,celestun,20.8667,-90.4,28.5,59,22,5.97,MX,1683612273
520,aswan,24.0934,32.907,25.6,26,0,3.33,EG,1683612768
521,gamba,-2.65,10.0,25.45,87,100,1.38,GA,1683612206
522,nema,57.5067,50.5011,7.47,46,1,1.75,RU,1683612260
523,yeed,4.55,43.0333,27.55,60,28,8.67,SO,1683612768
524,ocos,14.5094,-92.1933,28.95,74,0,3.01,GT,1683612768
525,aripuana,-9.1667,-60.6333,21.91,100,100,1.0,BR,1683612769
526,lazaro cardenas,17.9583,-102.2,25.93,77,11,0.93,MX,1683612769
527,heunghae,36.1125,129.3522,23.17,38,36,1.13,KR,1683612769
528,san vito dei normanni,40.6573,17.7072,19.27,74,100,0.35,IT,1683612769
529,urengoy,65.9667,78.3667,-7.11,79,88,8.93,RU,1683612770
530,torres,-29.3353,-49.7269,14.9,75,99,3.03,BR,1683612611
531,duong dong,10.2167,103.9667,31.0,70,40,3.6,VN,1683612770
532,eraan,9.0629,117.7016,29.29,73,93,2.6,PH,1683612770
533,san juan,-31.5375,-68.5364,15.57,37,21,2.54,AR,1683612749
534,newman,37.3138,-121.0208,15.16,50,98,1.79,US,1683612199
535,chichawatni,30.5333,72.7,34.55,12,0,2.42,PK,1683612771
536,kifri,34.6959,44.9661,30.8,16,29,3.08,IQ,1683612771
537,launceston,-41.45,147.1667,15.8,57,75,3.6,AU,1683612771
538,moapa valley,36.5805,-114.4703,23.15,15,0,2.81,US,1683612771
539,tahe,52.3333,124.7333,10.98,15,11,6.44,CN,1683612771
540,krasnyy chikoy,50.3643,108.7512,22.43,16,99,1.01,RU,1683612772
541,tutong,4.8,114.65,33.05,65,100,2.74,BN,1683612772
542,idri,27.5,13.2667,21.15,49,0,7.91,LY,1683612772
543,crucecita,-28.95,-58.9833,12.91,82,0,1.48,AR,1683612196
544,buka,40.8108,69.1986,26.45,23,0,1.58,UZ,1683612772
545,sesheke,-17.4759,24.2968,17.34,49,1,3.07,ZM,1683612773
546,bamboo flat,11.7,92.7167,30.75,70,100,5.73,IN,1683612228
547,itoman,26.1247,127.6694,25.22,65,20,9.26,JP,1683612229
548,peterborough,52.5736,-0.2478,13.88,100,100,3.6,GB,1683612482
549,kasempa,-13.4584,25.8338,15.69,64,0,3.18,ZM,1683612773
550,holbrook,40.8123,-73.0784,15.8,56,0,3.6,US,1683612774
551,baotou,40.6522,109.8222,19.18,28,100,4.73,CN,1683612774
552,shingu,33.7333,135.9833,16.62,67,99,2.68,JP,1683612774
553,imperatriz,-5.5264,-47.4917,21.96,84,9,0.22,BR,1683612775
554,san carlos del zulia,9.0,-71.9135,24.56,91,72,1.94,VE,1683612278
555,vadso,70.0744,29.7487,3.09,75,75,2.57,NO,1683612228
